pair,pnlcomm,entry_date,exit_date
LMT-ROST,919.0528299328049,2020-01-03,2020-01-09
CCI-ES,851.0781226473059,2020-01-03,2020-01-14
AMZN-ICE,1151.832638235732,2020-01-02,2020-01-15
LHX-NEE,734.1162151619333,2020-01-03,2020-01-15
AMZN-SHW,1274.0172460477208,2020-01-02,2020-01-17
CHTR-KMX,1553.2606886096546,2020-01-03,2020-01-17
ZTS-AWK,907.8287925111819,2020-01-02,2020-01-21
IQV-NEE,1020.869993694456,2020-01-02,2020-01-21
NOC-ATO,722.0026187937832,2020-01-03,2020-01-21
SRE-IQV,648.8456679696149,2020-01-02,2020-01-21
WTW-DGX,741.4726763556291,2020-01-03,2020-01-22
CI-CDW,851.0162335938738,2020-01-20,2020-01-24
LHX-LNT,737.3547768105667,2020-01-03,2020-01-27
A-ACN,684.7313998533474,2020-01-16,2020-01-28
SBUX-GL,1107.7983653688696,2020-01-16,2020-01-28
MA-DGX,-48.80390559953481,2020-01-02,2020-01-31
AAPL-GOOGL,168.44900331727834,2020-01-02,2020-01-31
NUE-ON,2423.681752838778,2020-01-02,2020-02-03
ABBV-IT,1560.4077355157224,2020-01-29,2020-02-04
GOOG-HCA,1169.602915348384,2020-01-22,2020-02-05
LMT-JKHY,1495.291403852914,2020-01-03,2020-02-05
ABBV-AME,987.1642472907957,2020-01-23,2020-02-06
AAPL-ABBV,-1037.6195317896456,2020-01-02,2020-02-07
EFX-AIZ,1601.088069956753,2020-01-22,2020-02-11
XEL-DPZ,5831.101069404369,2020-01-21,2020-02-20
WDAY-ROST,1251.4473107649867,2020-01-28,2020-02-20
DPZ-SPGI,5866.028533760686,2020-01-10,2020-02-20
AMZN-TYL,771.0153766812153,2020-02-12,2020-02-24
V-SHW,-1298.0829317411947,2020-01-02,2020-02-24
ADSK-TTWO,2109.1967067085043,2020-02-07,2020-02-25
AMZN-ICE,1045.5765249740145,2020-02-04,2020-02-26
ICE-SO,40.12276585463413,2020-01-22,2020-02-26
CMG-MPWR,1796.4124575721628,2020-02-21,2020-02-27
TSLA-RMD,-5081.764042226023,2020-01-22,2020-02-27
PKG-AIZ,-1960.3250153239542,2020-01-03,2020-02-28
WTW-WRB,1046.8278069661549,2020-02-06,2020-03-02
ICE-DGX,1983.6832545523232,2020-02-06,2020-03-03
WDAY-BR,1457.5261372364614,2020-02-03,2020-03-09
SNA-CB,525.2425313445395,2020-02-05,2020-03-10
CBOE-PKG,984.2567748031464,2020-02-03,2020-03-10
LH-ALLE,1325.4936209491827,2020-02-21,2020-03-11
MDLZ-CHD,1761.120286543665,2020-03-02,2020-03-13
MA-DGX,1523.0357576149963,2020-02-26,2020-03-18
CI-GL,4283.171241839392,2020-03-11,2020-03-18
JNJ-JBHT,2618.7327144508286,2020-03-16,2020-03-20
PNC-LNT,-3674.2488270689137,2020-01-15,2020-03-20
IRM-PANW,1615.5268642979572,2020-02-28,2020-03-20
MSI-PANW,2337.2166659243576,2020-02-25,2020-03-23
CSGP-PODD,2126.651372823549,2020-03-03,2020-03-23
ECL-CPAY,3723.3725287499606,2020-03-11,2020-03-23
ABBV-AME,3609.5178707170658,2020-03-12,2020-03-24
DUK-CPAY,145.193808566259,2020-02-25,2020-03-25
MDLZ-CHD,2907.357778389277,2020-03-19,2020-03-25
MAR-CBOE,2603.695361980904,2020-02-27,2020-03-25
PEG-LYV,3819.5962870334606,2020-03-10,2020-03-25
EBAY-BLK,734.812900601198,2020-02-27,2020-03-25
ABBV-IT,-794.713791888833,2020-02-10,2020-03-26
WDAY-ROST,4105.933195055846,2020-03-23,2020-03-27
ZTS-EW,2886.982813078834,2020-03-24,2020-03-31
VMC-MPWR,4462.061352033612,2020-03-26,2020-04-01
HCA-AJG,-4135.0121467492545,2020-01-27,2020-04-07
NSC-LHX,2819.3425538964716,2020-03-26,2020-04-07
HCA-LRCX,2863.743440986619,2020-03-26,2020-04-08
XEL-DPZ,6005.722550021724,2020-03-23,2020-04-09
DPZ-SPGI,1172.630622194273,2020-02-21,2020-04-09
APO-WSM,4229.103182313758,2020-03-26,2020-04-13
CCI-KMX,-9043.79290764574,2020-01-03,2020-04-13
MDLZ-MNST,1991.5431986846188,2020-04-01,2020-04-14
HLT-AFL,277.56139937048687,2020-03-26,2020-04-17
PNC-DTE,4139.205338550961,2020-04-15,2020-04-20
FDS-LOW,-3727.4067588775815,2020-01-29,2020-04-21
ICE-DGX,1086.8474913308162,2020-03-27,2020-04-21
FTNT-TPL,3672.3002266479284,2020-03-24,2020-04-23
CL-HSIC,-994.8934769444899,2020-03-04,2020-04-27
GOOGL-HLT,2408.1983578556133,2020-03-19,2020-04-28
EQIX-ECL,2774.234424090204,2020-03-30,2020-04-28
PKG-AMGN,1296.0317176986593,2020-04-14,2020-04-28
CSGP-PODD,4261.284636168529,2020-04-21,2020-04-29
AMT-AWK,1310.6164571424304,2020-04-08,2020-04-29
V-PEG,1620.9059077917127,2020-04-13,2020-04-29
ROST-YUM,3881.181100471078,2020-04-22,2020-04-29
MA-MCO,1779.4105973442379,2020-04-20,2020-04-30
ETN-ANET,880.9304673902171,2020-03-24,2020-05-01
AMZN-ICE,1242.9259955928867,2020-03-23,2020-05-05
ZTS-COO,1573.4347078063386,2020-05-01,2020-05-06
GOOGL-WTW,2053.1230226884372,2020-04-29,2020-05-08
DRI-DGX,-7722.688219129036,2020-02-28,2020-05-11
AON-AME,3157.3284655245416,2020-04-30,2020-05-11
AMZN-TYL,-536.546317010801,2020-03-25,2020-05-12
CMI-VRSK,2621.5999958021016,2020-04-28,2020-05-13
NXPI-EG,4382.252478268189,2020-04-29,2020-05-21
SNA-CB,2262.5531440191307,2020-04-29,2020-05-22
NXPI-TXT,2910.768325959639,2020-05-06,2020-05-26
ABBV-DE,2793.772239994154,2020-05-13,2020-05-26
MRNA-TECH,-646.0787784168768,2020-04-22,2020-05-26
DOV-SPGI,-1544.8905123541672,2020-04-09,2020-05-27
TDG-URI,-1550.6326083446002,2020-04-02,2020-05-28
EXPD-MOH,-2440.7732552711987,2020-04-14,2020-06-01
TGT-TECH,-687.8514831164279,2020-05-04,2020-06-03
GOOG-J,2435.4833941310985,2020-05-12,2020-06-03
SHW-XYL,2455.88558697588,2020-05-14,2020-06-04
IQV-HPQ,-2148.7429446584133,2020-04-08,2020-06-05
GOOG-CINF,-658.1623473392701,2020-04-30,2020-06-08
CL-HSIC,2848.694890136436,2020-05-27,2020-06-10
TDG-WSM,-8214.656840012638,2020-04-13,2020-06-12
MAR-CBOE,5199.073220689367,2020-06-05,2020-06-15
IQV-COO,1979.855117800651,2020-04-30,2020-06-17
MDLZ-MNST,-393.8146439333764,2020-05-11,2020-06-18
CSGP-MCHP,3661.890791365384,2020-06-04,2020-06-22
PNC-LNT,2920.3254297083968,2020-05-27,2020-06-24
ALGN-CZR,3785.817846579843,2020-06-04,2020-06-26
WDAY-AMGN,2034.5679334858353,2020-05-28,2020-07-01
ADSK-TTWO,-391.4087775864642,2020-06-02,2020-07-07
MSCI-LOW,1172.7090332854357,2020-05-26,2020-07-08
GD-HPE,575.6504323763918,2020-05-27,2020-07-09
HD-DDOG,-9504.314404171233,2020-05-12,2020-07-13
APO-WSM,1641.4050857683178,2020-05-29,2020-07-14
A-ACN,1333.5396304016608,2020-06-25,2020-07-15
MCHP-IQV,436.3548644390385,2020-06-08,2020-07-15
IQV-ACN,1803.319145017508,2020-06-29,2020-07-15
SRE-CDW,1750.520067109692,2020-06-19,2020-07-21
AAPL-GOOGL,-1239.9327511042395,2020-06-09,2020-07-23
EBAY-BLK,546.4052431026685,2020-07-02,2020-07-23
TER-AVY,-1673.8615507721727,2020-06-16,2020-07-24
WDAY-ROST,-490.5326135057029,2020-06-18,2020-07-28
ROST-ALLE,3122.7272108918287,2020-07-15,2020-07-28
TTD-YUM,-6674.400208400487,2020-05-07,2020-07-28
STE-SPGI,-3117.676660167124,2020-04-30,2020-07-28
ROST-HON,2303.799273275705,2020-07-16,2020-07-31
SYF-COF,-424.10134244914036,2020-06-15,2020-07-31
TSCO-WTW,-8589.761763177448,2020-04-24,2020-08-03
ICE-DGX,1125.1559397858503,2020-07-14,2020-08-06
ECL-CPAY,3825.9551458752,2020-08-03,2020-08-07
AMZN-ICE,-2501.4379627377953,2020-06-23,2020-08-07
LH-ALLE,1996.857984979504,2020-07-27,2020-08-10
DELL-KLAC,1509.0586451356464,2020-07-16,2020-08-13
GOOG-HCA,1895.1667601301554,2020-07-29,2020-08-26
MDLZ-CHD,-1304.621867058648,2020-07-09,2020-08-26
CME-GLW,-6668.839984897124,2020-06-11,2020-08-27
JNJ-JBHT,-6111.5083795825185,2020-05-22,2020-08-31
CSGP-PODD,1314.7065293944113,2020-07-29,2020-08-31
EQIX-ECL,475.5639200686749,2020-07-29,2020-09-02
WTW-ROL,-163.20472426101298,2020-08-04,2020-09-03
CSGP-MCHP,1152.4363050152137,2020-07-29,2020-09-04
WDAY-ROST,3778.030743329653,2020-08-28,2020-09-08
AAPL-GOOGL,-522.3502663619698,2020-08-03,2020-09-08
TSLA-RMD,-3311.3072126394377,2020-07-10,2020-09-08
AMT-AWK,-1471.6202111529283,2020-07-16,2020-09-11
WDAY-BR,3258.455866952385,2020-09-01,2020-09-16
ROL-ADI,-2555.5145632951594,2020-07-22,2020-09-16
CMG-MPWR,1633.8495738321972,2020-09-01,2020-09-21
MA-DGX,3693.58408984551,2020-08-27,2020-09-21
MAR-CBOE,2374.0117561312145,2020-08-10,2020-09-21
HCA-OTIS,448.3779647869196,2020-07-24,2020-09-21
IRM-PANW,2930.8914925817744,2020-09-09,2020-09-21
PEG-LYV,1963.7134615246,2020-08-27,2020-09-22
CBOE-PKG,2714.332634742796,2020-09-17,2020-09-23
ELV-MTD,1906.733493810152,2020-09-22,2020-09-29
TDG-URI,2598.5742920696252,2020-09-22,2020-09-30
CMI-VRSK,254.40598368965976,2020-08-14,2020-10-01
ELV-A,1501.4389970264278,2020-09-22,2020-10-01
EXPD-MOH,4731.521269494002,2020-09-22,2020-10-01
RSG-RJF,1762.198155275319,2020-09-22,2020-10-02
SHW-EQIX,425.5550623443009,2020-09-07,2020-10-02
DELL-KLAC,2630.8530417894453,2020-09-09,2020-10-06
CI-GL,-1370.6875630938757,2020-07-24,2020-10-07
JNJ-JBHT,1915.1035196380358,2020-09-30,2020-10-08
DPZ-SPGI,1804.08887103997,2020-09-23,2020-10-08
AMZN-ICE,2111.0809654063255,2020-09-17,2020-10-09
APD-KDP,-2673.164614986753,2020-07-08,2020-10-09
GOOGL-HLT,1937.0697510370208,2020-09-14,2020-10-13
ROK-DRI,-500.45119518298026,2020-09-04,2020-10-13
PNC-DTE,1852.1210544669407,2020-10-02,2020-10-14
DRI-DGX,-4007.41603014508,2020-08-11,2020-10-19
AES-ENPH,661.679252302894,2020-10-05,2020-10-21
TGT-TECH,-5507.738996787237,2020-08-07,2020-10-22
DUK-CPAY,2008.7502918510652,2020-10-02,2020-10-23
EQIX-DPZ,1945.3540759346192,2020-10-12,2020-10-23
SHW-XYL,1020.4752645799667,2020-10-14,2020-10-29
ABBV-IT,49.109020468093206,2020-08-10,2020-10-30
TTD-YUM,2844.0479325962083,2020-10-12,2020-11-02
NXPI-TXT,1901.7057757912871,2020-10-09,2020-11-03
ALL-VMC,612.7742976190241,2020-10-05,2020-11-04
ABBV-MLM,1031.6933624502774,2020-10-02,2020-11-04
MSI-PANW,-1175.8210965528158,2020-09-03,2020-11-05
GOOG-HCA,1870.6740206533298,2020-10-30,2020-11-09
MA-DGX,6355.323440818772,2020-11-02,2020-11-09
NXPI-EG,1809.301180231398,2020-10-09,2020-11-09
A-ACN,-496.70705424119296,2020-09-24,2020-11-11
DECK-PANW,-2044.1274620759684,2020-10-01,2020-11-11
DHI-SNPS,3978.6070382635603,2020-11-06,2020-11-16
ALGN-CZR,3619.8649921554697,2020-10-26,2020-11-16
CI-GL,3077.9490185722198,2020-11-05,2020-11-19
ABBV-IT,1616.3268340600987,2020-11-03,2020-11-20
TGT-TECH,3377.0534045026147,2020-11-05,2020-11-23
AMT-AWK,-842.773312874752,2020-10-07,2020-11-25
CBOE-PKG,-3493.017045593799,2020-10-08,2020-11-30
GM-TRMB,-2623.7090689312517,2020-09-09,2020-12-07
AAPL-GOOGL,-46.1661278964955,2020-10-23,2020-12-10
HD-OTIS,1160.864162969395,2020-11-17,2020-12-14
EBAY-BLK,48.10774747852001,2020-11-04,2020-12-15
AME-ROL,246.08438080970114,2020-11-12,2020-12-17
ROL-SYK,2004.4061435416106,2020-11-24,2020-12-17
MPWR-DECK,3371.86290809867,2020-12-11,2020-12-18
WDAY-ROST,1955.8792068410596,2020-11-10,2020-12-21
FDS-LOW,2725.2284815607054,2020-12-01,2020-12-21
MCO-TYL,-4111.934587639031,2020-10-15,2020-12-24
WDAY-BR,2534.321336000449,2020-12-22,2020-12-29
MAR-CBOE,61.41275895025934,2020-11-10,2021-01-04
DOV-SPGI,-2415.0939482809413,2020-10-22,2021-01-04
TDY-SPGI,-2612.405299319434,2020-10-20,2021-01-04
WDAY-NDSN,1647.2145806846227,2020-12-21,2021-01-04
APD-KDP,62.62255436394059,2020-11-12,2021-01-06
DECK-PANW,3690.5530210929933,2020-12-22,2021-01-06
EFX-AIZ,2571.593714257431,2020-12-15,2021-01-06
AES-ENPH,4628.176926932329,2021-01-07,2021-01-13
EQIX-ECL,515.4037028891934,2020-11-26,2021-01-14
MA-WTW,2093.1390694551646,2020-12-30,2021-01-14
GOOG-HCA,1765.5223796234861,2020-12-18,2021-01-20
MDLZ-MNST,-100.98514227783025,2020-12-16,2021-01-20
MDLZ-CHD,-57.10006021343994,2020-11-10,2021-01-21
BBY-CZR,1025.7382504314621,2020-12-08,2021-01-22
IRM-PANW,-2493.2833242805295,2020-11-20,2021-01-25
SPGI-ADI,-9468.017375936653,2020-10-14,2021-01-25
MSI-PANW,2281.9318469047566,2020-12-18,2021-01-27
CSGP-PODD,3306.3777402110863,2021-01-14,2021-01-27
ROST-HON,1816.8343732066678,2020-12-28,2021-01-27
APTV-CMCSA,400.1875898844254,2021-01-05,2021-01-27
PNC-LNT,-6999.898731628735,2020-11-17,2021-01-29
CL-XYL,2289.8086382687334,2021-01-07,2021-02-01
ABBV-AMP,1366.591204450573,2021-01-28,2021-02-03
MA-DGX,4288.788899151505,2021-02-01,2021-02-04
OXY-CHTR,-33692.73791256731,2020-10-26,2021-02-04
CHD-NDSN,1197.6367379874134,2021-01-25,2021-02-04
SBUX-KEYS,-1320.7394489093736,2021-01-05,2021-02-05
JNJ-JBHT,1316.4548884334517,2021-01-26,2021-02-08
TDG-ANET,1229.687831459002,2021-01-15,2021-02-19
HCA-AJG,-177.584396389819,2021-01-07,2021-02-23
JNJ-SRE,-450.32083813275244,2021-01-05,2021-02-23
WDAY-ROST,1864.2008167368235,2021-02-09,2021-02-24
WTW-WRB,1753.9020923055884,2021-02-05,2021-02-24
BRK.B-IR,1665.1214939480456,2021-01-28,2021-02-24
APD-KDP,2299.410798938905,2021-02-05,2021-02-25
HCA-NVR,908.1345364812088,2021-01-21,2021-02-25
HCA-OTIS,1199.795710954792,2021-02-04,2021-02-26
EBAY-BLK,721.6766835156651,2021-01-26,2021-03-02
YUM-WAT,-2660.979707335194,2021-01-05,2021-03-02
GD-HPE,-3844.719662593078,2020-11-23,2021-03-04
AMT-SBAC,530.0465137871419,2021-01-28,2021-03-05
TGT-TECH,1154.6326553084955,2021-02-02,2021-03-08
DUK-CPAY,2322.4411627926943,2021-02-24,2021-03-15
LLY-ANET,263.77743450870173,2021-01-22,2021-03-15
CDW-NDSN,-2831.5829308161483,2021-01-21,2021-03-15
LLY-FICO,294.11664834071877,2021-01-15,2021-03-15
PEG-LYV,1518.4949585680556,2021-02-22,2021-03-17
LYV-AIZ,3677.359360614524,2021-03-01,2021-03-17
EMR-FTNT,2900.692452795221,2021-03-16,2021-03-18
MA-DGX,2723.4455642454304,2021-02-24,2021-03-19
ROL-SYK,2009.641758639699,2021-02-26,2021-03-19
DRI-DGX,-362.0670206425307,2021-02-05,2021-03-22
ROK-DRI,52.66843727856828,2021-02-08,2021-03-22
TRV-TJX,1631.5027580325404,2021-03-03,2021-03-22
FOXA-COF,4320.360016639423,2021-03-16,2021-03-26
KMI-FOX,6559.173943139453,2021-03-16,2021-03-26
ALGN-CZR,748.6770404789976,2021-02-26,2021-03-29
CBOE-PKG,-525.0036363699545,2021-01-28,2021-03-30
XEL-DPZ,2137.105771936747,2021-03-05,2021-04-09
DPZ-SPGI,505.88155413566335,2021-02-25,2021-04-09
LNT-HON,2358.7319757991672,2021-03-23,2021-04-09
MSI-PANW,2821.428134512128,2021-03-18,2021-04-13
FTNT-TPL,7951.27804095355,2021-03-19,2021-04-13
DECK-PANW,2499.6046095482006,2021-03-18,2021-04-13
AMT-AWK,195.6236222121559,2021-02-25,2021-04-14
TDG-WSM,3412.102452993118,2021-03-22,2021-04-14
APO-WSM,2817.111765618498,2021-03-23,2021-04-15
JNJ-JBHT,-29.044546461822563,2021-03-08,2021-04-21
PG-FDS,1444.176497623572,2021-03-31,2021-04-22
ABBV-AZO,-1009.5708202507914,2021-03-22,2021-04-26
MDLZ-NOC,1244.184996373969,2021-04-12,2021-04-28
AME-ROL,-1647.9198826921552,2021-02-25,2021-04-29
PKG-AIZ,-254.57781276865637,2021-03-16,2021-04-29
SNA-CB,-2598.5824737642342,2021-03-03,2021-04-30
AXON-WSM,4501.035650836164,2021-03-23,2021-04-30
STE-FDS,1748.5044555073555,2021-04-14,2021-05-04
HCA-OTIS,2113.7437028451054,2021-04-27,2021-05-10
NVDA-AVGO,1984.852570735959,2021-04-15,2021-05-13
PAYX-SPGI,553.9865366742191,2021-04-12,2021-05-14
DHI-SNPS,-3865.0677570286703,2021-03-09,2021-05-18
ROL-ADI,2479.625437856767,2021-05-03,2021-05-19
MSCI-ADI,435.5754910439814,2021-04-16,2021-05-19
CL-HSIC,156.7582613611629,2021-04-23,2021-05-24
CSGP-PODD,3726.2622048183016,2021-05-11,2021-05-26
BALL-MKTX,1129.5830566359305,2021-04-22,2021-05-26
ABBV-URI,3395.697130507836,2021-05-20,2021-06-01
YUM-ROK,1004.3101746074708,2021-04-14,2021-06-02
EBAY-BLK,1861.9776577512464,2021-04-29,2021-06-03
MCHP-IQV,1019.2360469193966,2021-04-30,2021-06-04
AVY-TXN,659.940781023348,2021-04-30,2021-06-07
ITW-TTD,-1436.0184952051607,2021-03-29,2021-06-11
SHW-TTD,-4587.688018426128,2021-03-30,2021-06-11
ICE-SO,428.07563542171977,2021-05-03,2021-06-14
TTD-YUM,-2602.1530108395814,2021-03-29,2021-06-14
MA-DELL,-1929.71067968146,2021-04-15,2021-06-17
CI-GL,1046.0234222824852,2021-06-04,2021-06-18
AME-ROL,1432.2095444997167,2021-06-07,2021-06-18
DPZ-SPGI,804.2380180250731,2021-05-17,2021-06-24
APD-KDP,1283.8916891561953,2021-06-15,2021-06-25
EPAM-NKE,-2785.943244121733,2021-04-14,2021-06-25
IQV-COO,-4671.036719392351,2021-04-12,2021-06-29
ROK-DRI,1102.1529378134544,2021-06-03,2021-06-30
MDLZ-CHD,211.22486821596766,2021-05-27,2021-07-02
A-ACN,-186.50316163319943,2021-05-27,2021-07-02
CHTR-MDT,323.9807172124801,2021-05-14,2021-07-13
DOV-SPGI,906.3928831787291,2021-06-21,2021-07-14
WTW-LII,3028.8662831515344,2021-06-30,2021-07-14
PSX-FANG,4001.921046365437,2021-07-01,2021-07-15
EXPD-MOH,-337.2797933893085,2021-05-25,2021-07-15
AMT-AWK,104.83564815765543,2021-06-02,2021-07-16
APO-AJG,3354.982800481388,2021-07-05,2021-07-16
DRI-DGX,2269.1537494932627,2021-07-19,2021-07-21
MAR-CBOE,-2523.8867359410215,2021-05-05,2021-07-26
EQIX-ECL,400.7895410102278,2021-06-14,2021-07-26
CBOE-PKG,-508.33877308637614,2021-06-14,2021-07-27
CMG-MPWR,1550.8575388764075,2021-07-22,2021-07-29
ABBV-DE,695.7291664276923,2021-05-20,2021-07-30
TSLA-RMD,-908.5031475161682,2021-05-19,2021-08-02
MCHP-IQV,2474.5669666052195,2021-07-16,2021-08-02
CSGP-MCHP,1925.265931681333,2021-07-15,2021-08-03
NI-FOXA,1245.0933634652517,2021-07-15,2021-08-05
DPZ-SPGI,2333.5428706964008,2021-07-27,2021-08-10
RSG-RJF,1438.6050643120734,2021-07-16,2021-08-10
JNJ-JBHT,1165.0413196266923,2021-06-18,2021-08-11
MAR-WTW,2962.740483972779,2021-07-27,2021-08-11
GD-HPE,-556.0812738311604,2021-06-21,2021-08-12
DELL-KLAC,348.6962620401856,2021-07-14,2021-08-12
CL-HSIC,1771.317816224894,2021-07-30,2021-08-13
AES-ENPH,580.3800036690219,2021-06-28,2021-08-13
XEL-DPZ,-5206.161327129566,2021-06-08,2021-08-16
FDS-LOW,1325.7103390787693,2021-08-02,2021-08-19
MSI-PANW,4305.956705352092,2021-08-11,2021-08-24
PNC-LNT,1205.751332121774,2021-07-19,2021-08-25
DRI-DGX,1613.9784715366764,2021-08-11,2021-08-25
NXPI-EG,1718.065076801798,2021-08-20,2021-08-25
PHM-KKR,-2142.7452768182616,2021-06-25,2021-08-25
LH-ALLE,1062.0069351410314,2021-08-04,2021-08-31
NXPI-TXT,1256.7459266459216,2021-08-26,2021-08-31
CI-GL,1224.2358142295575,2021-08-06,2021-09-07
CSGP-PODD,2311.2644722726377,2021-08-17,2021-09-09
LLY-ANET,2791.205411912599,2021-08-16,2021-09-09
GOOGL-WTW,1375.5386209157602,2021-07-28,2021-09-09
GOOGL-HLT,-3296.976131285994,2021-06-28,2021-09-10
MAR-CBOE,1712.9032142356837,2021-08-12,2021-09-13
ETN-ANET,1174.9270900780336,2021-08-13,2021-09-13
HCA-AJG,-4856.904660364404,2021-07-05,2021-09-14
TER-AVY,793.5503509495483,2021-08-16,2021-09-16
ROST-ALLE,1141.9992042901274,2021-09-01,2021-09-21
SNA-CB,-3570.128821835964,2021-06-15,2021-09-24
ELV-A,1074.6663461949256,2021-08-26,2021-09-24
MA-DGX,-2042.9670109355113,2021-08-03,2021-09-27
ICE-DGX,-378.37414123630515,2021-08-12,2021-09-27
ABBV-IT,-3991.0266693535423,2021-08-03,2021-09-28
TDY-SPGI,1981.1015464217064,2021-09-13,2021-09-28
HD-DDOG,-473.28980025779504,2021-08-13,2021-09-28
WDAY-ROST,-1454.6006813580107,2021-08-26,2021-09-29
WDAY-BR,2059.2435432438274,2021-09-01,2021-09-29
GD-HPE,628.707987419874,2021-09-10,2021-09-30
NDSN-UNP,1460.0867479433311,2021-09-14,2021-10-06
TDG-ANET,2686.7493341527806,2021-09-29,2021-10-11
TGT-TECH,-1262.701697258172,2021-08-25,2021-10-12
MDLZ-CHD,188.88358446831566,2021-09-08,2021-10-14
WTW-WRB,1502.3845626116024,2021-09-10,2021-10-20
ITW-GL,1207.2502867181665,2021-09-30,2021-10-21
DASH-ADSK,1354.5687961306774,2021-09-10,2021-10-22
ECL-CPAY,1427.1255186913547,2021-09-28,2021-10-26
IRM-PANW,277.8392146423368,2021-09-14,2021-10-26
DUK-CPAY,2338.054482078614,2021-09-27,2021-10-27
AAPL-GOOGL,1909.6350378576517,2021-10-25,2021-10-27
NI-FOXA,-1110.388424313412,2021-09-22,2021-10-27
XEL-DPZ,3274.3811944783756,2021-10-15,2021-11-03
WTW-LII,-487.71384806368354,2021-09-15,2021-11-04
MPWR-DECK,-3637.6230641413736,2021-08-26,2021-11-04
MDLZ-MNST,988.1719883125029,2021-10-13,2021-11-09
TRV-SNA,1931.3690565444479,2021-10-28,2021-11-09
SNA-CB,2333.3035909911887,2021-10-27,2021-11-15
ICE-MCO,-1281.726432682356,2021-09-29,2021-11-16
PNC-LNT,-493.65922312456894,2021-09-27,2021-11-17
PSX-FANG,-3469.3561566843605,2021-09-29,2021-11-19
HD-DDOG,5113.159713640065,2021-11-10,2021-11-22
PEG-LYV,-504.65495974600606,2021-10-01,2021-11-26
EQIX-ECL,1814.8855520075163,2021-11-05,2021-11-29
JNJ-JBHT,475.3786100855315,2021-10-21,2021-12-01
AES-ENPH,-865.3131203604578,2021-10-28,2021-12-03
TSLA-RMD,-10538.733154645399,2021-09-28,2021-12-03
ITW-TTD,6105.466088793593,2021-11-17,2021-12-03
TTD-YUM,-568.5953402037346,2021-11-10,2021-12-03
CMG-MPWR,-2979.183514064706,2021-10-22,2021-12-06
PG-FDS,-3293.278799103727,2021-09-30,2021-12-06
BALL-MKTX,293.29828528259236,2021-11-16,2021-12-07
FTNT-TPL,4071.895750650995,2021-12-06,2021-12-10
GOOG-HCA,-327.2442740431615,2021-10-27,2021-12-13
HCA-AJG,-1227.3456359908685,2021-10-07,2021-12-15
HD-OTIS,-5436.9734555288815,2021-09-17,2021-12-16
LLY-ANET,989.9213375116187,2021-11-04,2021-12-16
DHI-SNPS,1769.2257013301196,2021-12-06,2021-12-21
ALL-VMC,-5397.250788325744,2021-10-28,2021-12-30
DUK-CPAY,838.5134985882402,2021-11-29,2022-01-03
CMI-VRSK,-473.8630358637019,2021-11-18,2022-01-03
GOOG-NVR,-108.0357400245127,2021-12-08,2022-01-03
TGT-TECH,3754.8189150651374,2021-12-22,2022-01-04
SO-TDG,2774.269148349723,2021-12-16,2022-01-04
DRI-DGX,5150.1366143392315,2021-12-17,2022-01-04
LH-ALLE,2484.8454375876886,2021-12-17,2022-01-04
AZO-AMP,1003.469217461378,2021-12-07,2022-01-05
MSI-PANW,1870.4709413229039,2022-01-05,2022-01-06
AME-ROL,-1936.6382234808143,2021-11-05,2022-01-07
CL-HSIC,-48.077467481214356,2021-11-30,2022-01-10
MDLZ-CHD,240.21790872265254,2021-11-22,2022-01-11
A-ACN,-3947.3478359813876,2021-10-12,2022-01-13
WDAY-BR,3856.4459724527273,2022-01-05,2022-01-14
FDS-LOW,1591.0714851123232,2022-01-06,2022-01-19
WDAY-ROST,3494.38289205078,2022-01-04,2022-01-20
ZTS-LULU,-3055.6598584150724,2021-12-06,2022-01-31
GOOG-HCA,2672.027856115018,2022-01-05,2022-02-01
AAPL-GOOGL,-2355.971580376365,2021-11-23,2022-02-02
GOOGL-HLT,2689.932368276875,2021-12-31,2022-02-02
GOOGL-ABBV,-2103.6596087564994,2021-12-13,2022-02-02
DOV-SPGI,1068.9817857635271,2022-01-07,2022-02-03
NSC-RMD,1761.0393110029315,2022-01-05,2022-02-04
AMZN-ICE,4174.47783193548,2022-02-03,2022-02-07
MCHP-IQV,3557.6476825912123,2022-02-04,2022-02-15
TGT-GNRC,1286.3978233766247,2021-12-07,2022-02-16
HD-OTIS,1934.5537015140665,2022-01-20,2022-02-17
EQIX-CI,703.3301906260862,2022-01-17,2022-02-24
CI-GL,1688.6288688290772,2022-02-03,2022-02-25
DELL-KLAC,2711.1056239404234,2022-02-03,2022-02-25
MDLZ-MNST,-501.7802118841829,2022-01-14,2022-03-01
MAR-WTW,938.4294304057254,2022-02-08,2022-03-03
MAR-CBOE,376.90843432167486,2022-01-04,2022-03-04
ROK-DRI,1976.0456282108396,2022-02-01,2022-03-07
SNA-CB,880.2482919334732,2022-02-02,2022-03-08
CSGP-PODD,5730.365590037078,2022-02-28,2022-03-14
ABBV-URI,-11182.611478490653,2021-12-02,2022-03-14
ABBV-IT,-11682.25726738589,2021-12-06,2022-03-17
HCA-AJG,1964.7693541122596,2022-03-07,2022-03-18
GD-HPE,2188.3335139510405,2022-02-28,2022-03-18
SBUX-GL,-2524.1433839677347,2022-01-12,2022-03-18
WTW-ROL,1641.1802907919177,2022-03-02,2022-03-22
APD-KDP,-6034.125144225952,2022-01-10,2022-03-23
APO-WSM,3980.412433212689,2022-03-18,2022-03-24
ABBV-AME,-9891.358467940496,2021-12-14,2022-03-25
HCA-OTIS,-137.71427349125977,2022-02-17,2022-03-30
PSX-FANG,2716.987018186601,2022-03-21,2022-03-30
ECL-CPAY,-4852.532055586916,2022-01-21,2022-04-07
CBOE-PKG,-4880.746478334702,2022-01-04,2022-04-07
AVY-TXN,1411.610802203785,2022-03-09,2022-04-08
MCHP-LOW,2581.11407479196,2022-03-24,2022-04-08
DHI-SNPS,112.16432439934712,2022-03-23,2022-04-14
CL-HSIC,-2021.22216700839,2022-02-16,2022-04-18
WTW-DRI,1171.8330970375987,2022-03-15,2022-04-18
ROL-SYK,1357.4101902004143,2022-03-08,2022-04-19
MSI-PANW,-371.8126812812841,2022-02-25,2022-04-21
XEL-DPZ,-10024.557030700953,2022-01-11,2022-04-22
LH-ALLE,2470.61051131283,2022-04-08,2022-04-22
WTW-WRB,-3723.9029512680504,2022-02-07,2022-04-25
CEG-WM,3785.189389310521,2022-04-19,2022-04-26
SHW-VRSK,3437.4557859988427,2022-03-21,2022-04-26
ZTS-EW,551.5808118310189,2022-03-31,2022-04-27
EW-POOL,-292.7714339530287,2022-03-25,2022-04-28
FDS-LOW,1035.7698262660078,2022-03-28,2022-05-02
TSCO-WTW,2680.6446369596524,2022-04-25,2022-05-02
VRSK-BR,382.57553308667303,2022-03-21,2022-05-03
APO-URI,-696.4154721788435,2022-03-15,2022-05-05
ROST-ALLE,2632.78629559526,2022-04-11,2022-05-06
GOOGL-HLT,1230.3895127283338,2022-04-18,2022-05-09
HCA-AJG,-399.5580027170575,2022-03-31,2022-05-10
AAPL-GOOGL,2051.521962576187,2022-04-28,2022-05-11
SBUX-GL,1691.0763107869798,2022-04-20,2022-05-13
GOOGL-WTW,2427.68780158157,2022-04-25,2022-05-13
DTE-LNT,-1441.6954003755704,2022-02-18,2022-05-17
TGT-TECH,8139.828676249465,2022-04-26,2022-05-18
WDAY-ROST,-851.098809786866,2022-04-11,2022-05-20
LH-ALLE,1211.642365990082,2022-04-27,2022-05-23
ADSK-TTWO,1871.9667972521995,2022-04-29,2022-05-23
SHW-XYL,2259.8019781018484,2022-04-27,2022-05-24
JNJ-JBHT,582.4075746151411,2022-04-08,2022-06-01
A-ACN,2500.9065419297053,2022-05-19,2022-06-01
PNC-LNT,-2523.0589583732963,2022-03-04,2022-06-02
TSCO-WTW,4421.835469413076,2022-05-24,2022-06-06
NXPI-TXT,1530.0254755423562,2022-05-12,2022-06-06
ROK-DRI,2975.94416523851,2022-05-03,2022-06-13
IRM-PANW,3186.9101961284855,2022-05-16,2022-06-13
ICE-SO,-3377.682558834737,2022-04-19,2022-06-13
SPGI-ADI,-93.40532469923326,2022-05-04,2022-06-13
ITW-TTD,4598.155914931075,2022-05-10,2022-06-15
CPRT-IR,1952.0176794026715,2022-06-07,2022-06-16
WTW-ROL,-753.389813304375,2022-05-06,2022-06-17
MSI-PANW,2497.3540282165213,2022-05-09,2022-06-21
ABBV-CDNS,2933.982624563723,2022-06-02,2022-06-22
WTW-WRB,-1684.0281550729335,2022-05-03,2022-06-23
EA-ALLE,1023.1993347293683,2022-05-25,2022-06-30
AMT-AWK,-222.74811335080216,2022-05-23,2022-07-01
EW-AWK,176.94940840059382,2022-05-11,2022-07-08
ICE-DGX,-5147.76885102314,2022-04-22,2022-07-13
BRK.B-IR,1726.8141512200925,2022-06-07,2022-07-13
ALL-VMC,3120.278143493805,2022-07-01,2022-07-14
CSGP-MCHP,2467.9637746385,2022-06-23,2022-07-14
ROL-ADI,1109.4263330546123,2022-06-24,2022-07-15
MAR-WTW,2622.95407374661,2022-06-22,2022-07-18
NOC-ITW,2065.7209692079023,2022-07-04,2022-07-18
JNJ-SRE,666.2458001997954,2022-06-14,2022-07-19
CL-HSIC,1353.3776056277507,2022-06-16,2022-07-20
PHM-KKR,2409.1087664047755,2022-07-11,2022-07-20
DPZ-SPGI,-1203.000207772452,2022-06-02,2022-07-21
TDG-URI,649.4375023203997,2022-05-24,2022-07-25
VICI-MTD,1719.8314419349492,2022-07-18,2022-07-26
AME-ROL,-1041.7609553632192,2022-05-16,2022-07-27
EQIX-DPZ,3554.5375067156538,2022-06-14,2022-07-28
CEG-CTAS,2431.160343716568,2022-07-15,2022-07-28
CEG-WAB,2799.1517512889673,2022-07-19,2022-07-28
CEG-BLK,4007.343474135332,2022-07-19,2022-07-28
MAR-CBOE,-969.4621431803297,2022-06-17,2022-07-29
LHX-DPZ,641.6783717311689,2022-06-14,2022-07-29
MDLZ-MNST,-1865.415537015789,2022-05-18,2022-08-02
AMT-SBAC,704.6296795955857,2022-06-03,2022-08-02
CBOE-PKG,-1793.4449029260893,2022-06-21,2022-08-11
APO-FICO,-1789.966502584741,2022-06-14,2022-08-11
OTIS-ACGL,-286.0470929539952,2022-07-20,2022-08-18
AMZN-ICE,2121.6412403809572,2022-07-29,2022-08-22
ELV-A,1632.3265167354327,2022-07-21,2022-08-22
MSI-PANW,4201.137703631835,2022-07-26,2022-08-23
DECK-PANW,3683.855205516249,2022-07-29,2022-08-23
WTW-WRB,1267.5002902432232,2022-07-22,2022-08-25
AES-ENPH,1765.8613634665464,2022-07-28,2022-08-26
TRV-SNA,606.6976589595629,2022-07-21,2022-08-26
TRV-TJX,236.08540277338858,2022-07-14,2022-08-26
EFX-AIZ,-1403.7404865548888,2022-07-15,2022-08-29
JNJ-JBHT,4096.798281814857,2022-08-12,2022-09-01
SNA-CB,-1608.4593366074332,2022-07-14,2022-09-01
GOOGL-ABBV,859.5368371992854,2022-08-01,2022-09-01
ROK-DRI,1303.4844391379766,2022-07-27,2022-09-07
LYV-AIZ,4210.1815891542365,2022-08-03,2022-09-08
ABBV-URI,2637.9666178268517,2022-08-01,2022-09-14
PNC-LNT,2229.55219955471,2022-08-29,2022-09-15
ABBV-AME,100.89497548324997,2022-07-29,2022-09-15
LLY-ANET,797.0372575398505,2022-08-03,2022-09-16
TRV-PANW,2087.5916157686347,2022-08-23,2022-09-16
ICE-DGX,2123.222749809221,2022-08-24,2022-09-19
ABBV-IT,-3430.824281727911,2022-07-29,2022-09-20
VRSK-BR,343.3623413958547,2022-08-23,2022-09-21
FDS-LOW,3336.059852973715,2022-09-15,2022-09-22
FDS-UNP,2849.190423765057,2022-09-19,2022-09-22
VICI-LH,814.3708473340306,2022-08-24,2022-09-26
HCA-OTIS,1929.9668595461828,2022-09-09,2022-09-27
CDW-TER,632.874682798867,2022-08-19,2022-09-27
DTE-LNT,575.3258677745278,2022-09-21,2022-09-28
SRE-CDW,634.0834100164234,2022-09-02,2022-09-28
DUK-CPAY,2278.144396987661,2022-09-23,2022-09-29
PEG-LYV,3397.4894119730516,2022-09-22,2022-09-30
GM-TRMB,232.86882696961152,2022-08-29,2022-09-30
CEG-WMB,-3548.791179580095,2022-08-12,2022-10-13
IQV-NEE,-881.0222336356474,2022-08-29,2022-10-13
MCO-TYL,1641.7309589266044,2022-09-29,2022-10-14
IR-HUBB,5.2915239017656575,2022-09-19,2022-10-19
WTW-WRB,2068.8049087686363,2022-10-14,2022-10-25
IQV-JBHT,1923.5992206291444,2022-09-28,2022-10-25
COST-BRO,5157.990960645086,2022-10-03,2022-10-25
CI-GL,1755.9243963752144,2022-10-17,2022-10-26
KDP-AWK,275.6376549204488,2022-10-03,2022-10-27
SPGI-LOW,453.5016916815136,2022-09-28,2022-10-31
CMG-MPWR,-2820.5643848358395,2022-09-02,2022-11-01
WDAY-COO,777.004760862532,2022-08-26,2022-11-01
HCA-AJG,2976.766507528705,2022-10-26,2022-11-03
DELL-KLAC,3725.5873133735095,2022-10-14,2022-11-03
WST-MOH,-7382.549961826889,2022-08-30,2022-11-07
AAPL-GOOGL,2052.62332401363,2022-10-28,2022-11-09
CBOE-PKG,1394.9348962047895,2022-09-16,2022-11-10
AMT-AWK,-2300.1238451242843,2022-09-20,2022-11-11
WTW-ROL,1472.9054189033768,2022-10-26,2022-11-11
NDSN-UNP,-902.3671891913846,2022-09-29,2022-11-11
MA-DGX,1310.807132831032,2022-10-20,2022-11-15
TGT-ZBRA,-1982.9984194694805,2022-09-02,2022-11-16
WDAY-BR,-1121.0554780982266,2022-09-27,2022-11-18
DOV-SPGI,-2382.9925673791777,2022-09-23,2022-11-23
MAR-CBOE,3275.5472543551223,2022-11-11,2022-11-28
TGT-TECH,4567.68585554421,2022-11-16,2022-11-29
ADSK-TTWO,3487.2550173944755,2022-11-08,2022-12-02
DTE-LNT,1274.4447347208104,2022-11-25,2022-12-08
TGT-GNRC,-11340.709952510402,2022-09-16,2022-12-12
MDLZ-CHD,-146.78431498313705,2022-11-01,2022-12-13
WDAY-ROST,-2449.154786273375,2022-11-02,2022-12-15
A-ACN,-6531.972620913892,2022-09-08,2022-12-19
CL-HSIC,-86.081581731534,2022-11-10,2022-12-21
GOOGL-HLT,854.8412616454099,2022-10-27,2022-12-21
ELV-A,1005.9805196485423,2022-11-14,2022-12-28
FISV-ERIE,-5724.040092453576,2022-09-30,2022-12-28
TGT-TECH,3928.076040718433,2022-12-13,2023-01-06
DRI-DGX,2206.188693046709,2022-12-22,2023-01-06
WDAY-BR,2966.568718819703,2022-12-14,2023-01-10
AMZN-ICE,-6598.746972457405,2022-11-02,2023-01-11
DUK-CPAY,1077.1982341558294,2022-12-22,2023-01-12
CHTR-BBY,-638.0449474053567,2022-11-30,2023-01-13
PG-FDS,-109.88409963517834,2022-12-16,2023-01-17
XEL-DPZ,2372.7559897063015,2023-01-09,2023-01-18
FDS-LOW,1685.5780489610586,2022-12-20,2023-01-19
MSI-PANW,566.5051670025387,2022-11-04,2023-01-20
ROST-ALLE,-1517.3311102637842,2022-11-21,2023-01-20
ROP-ROST,1478.0874488474776,2022-11-29,2023-01-20
GOOG-HCA,-6962.706506920959,2022-10-26,2023-01-23
HCA-OTIS,1305.7425982445616,2023-01-19,2023-01-24
CEG-WMB,371.01736826704075,2022-12-05,2023-01-26
MDLZ-CHD,1837.487847306254,2023-01-23,2023-02-01
APD-KDP,-4086.5599728397224,2022-11-04,2023-02-02
DECK-PANW,2042.4908072893,2022-12-29,2023-02-02
NOC-CI,2113.8798937789543,2023-01-16,2023-02-06
EFX-AIZ,530.3409097360553,2022-11-17,2023-02-09
GOOGL-ABBV,3067.169535145258,2023-01-23,2023-02-13
ECL-CPAY,3370.5447693273036,2023-02-03,2023-02-15
DPZ-SPGI,2099.6273240139767,2023-01-12,2023-02-15
MA-DGX,310.1576794785842,2023-01-11,2023-02-17
CL-HSIC,2689.3562638926333,2023-01-27,2023-02-17
ABBV-IT,3078.325438077067,2023-02-07,2023-02-21
GD-HPE,-2130.8933553091465,2022-11-14,2023-02-22
WTW-WRB,-2162.019522502061,2022-11-14,2023-02-23
CSGP-PODD,2809.562869238138,2023-02-23,2023-02-28
BALL-MKTX,2278.475617115928,2023-01-25,2023-02-28
AES-ENPH,-2403.1361897764514,2022-12-29,2023-03-01
OXY-CHTR,1044.1833184190791,2022-12-09,2023-03-08
GOOGL-HLT,1726.028946159584,2023-02-14,2023-03-09
JNJ-JBHT,-841.1474838755089,2023-01-20,2023-03-10
SO-TDG,-2847.222815543594,2023-01-24,2023-03-10
ABBV-URI,-4497.647860016371,2023-01-13,2023-03-10
DUK-CPAY,1562.4437241127243,2023-02-03,2023-03-13
CI-GL,83.0336818965649,2023-01-09,2023-03-13
ROK-DRI,1049.2159016543908,2023-02-16,2023-03-13
EBAY-BLK,-857.648731720143,2023-01-23,2023-03-14
GM-TRMB,2368.2312732350233,2023-02-16,2023-03-14
CMG-MPWR,1217.6668111800652,2023-02-10,2023-03-15
HCA-OTIS,1844.2428718955719,2023-03-01,2023-03-15
SRE-CDW,-599.4024292256048,2023-01-18,2023-03-15
TGT-TECH,1092.155638679231,2023-02-02,2023-03-22
HD-OTIS,938.3865511372302,2023-02-21,2023-04-04
MSI-PANW,1456.5415988276434,2023-02-22,2023-04-05
BALL-MKTX,7180.222588907196,2023-03-16,2023-04-05
EW-AWK,1717.7155657225314,2023-03-02,2023-04-06
DTE-LNT,491.57308625076075,2023-03-16,2023-04-12
GOOGL-HLT,3305.4195784491344,2023-03-23,2023-04-18
IRM-PANW,-416.75198666457084,2023-02-24,2023-04-20
ETN-ANET,-2530.273663967819,2023-03-14,2023-04-20
ICE-MCO,1338.4865515025522,2023-04-06,2023-04-25
DASH-EBAY,5183.73605163257,2023-03-16,2023-04-25
CSGP-PODD,463.5647671766997,2023-03-13,2023-04-26
ALLE-MU,4416.886863626653,2023-04-10,2023-04-27
HCA-OTIS,1281.3671362057942,2023-04-05,2023-05-05
CEG-WM,-1509.4548431827177,2023-03-01,2023-05-15
DELL-KLAC,3228.1917879065363,2023-04-19,2023-05-15
SRE-CDW,3640.3209066179934,2023-04-21,2023-05-16
PNC-LNT,-3961.330942673391,2023-03-13,2023-05-17
AES-ENPH,3030.618203764253,2023-04-26,2023-05-17
PNC-DTE,-3719.355883369953,2023-03-14,2023-05-17
AME-ROL,975.6973842257996,2023-04-06,2023-05-18
HBAN-HII,-733.2177262420446,2023-03-14,2023-05-22
WTW-WRB,2831.6757773173267,2023-04-21,2023-05-23
CHD-NDSN,-2940.919012996504,2023-02-21,2023-05-23
CMG-MPWR,1175.9594302511946,2023-04-26,2023-05-25
RSG-RJF,-4947.425195609418,2023-03-10,2023-05-25
MDLZ-CHD,368.04166244389967,2023-05-08,2023-05-26
MA-DGX,-129.58176761652186,2023-04-28,2023-05-30
AAPL-GOOGL,896.0200198059433,2023-05-16,2023-06-08
ROP-ROST,-2409.7881718871586,2023-03-09,2023-06-12
CMI-VRSK,-5990.778390510422,2023-03-13,2023-06-13
WTW-ROL,-3373.0198621890554,2023-03-15,2023-06-14
ROL-SYK,-104.4168698277252,2023-04-27,2023-06-14
TGT-TECH,-2509.8211035565137,2023-04-13,2023-06-15
DASH-ADSK,-882.1961372849008,2023-03-15,2023-06-15
GOOG-HCA,763.5320314838458,2023-05-16,2023-06-16
DRI-DGX,1476.2330394229389,2023-05-18,2023-06-22
DTE-LNT,493.1456083140889,2023-06-16,2023-06-26
CEG-WMB,-438.829014161354,2023-05-23,2023-06-28
HCA-MSI,1053.282237116413,2023-06-16,2023-07-06
MSI-PANW,1834.9730744305173,2023-06-13,2023-07-12
WDAY-ROST,1840.5176529021912,2023-05-26,2023-07-12
CI-GL,2189.3177398848093,2023-06-23,2023-07-12
MDLZ-CHD,1195.6069959544834,2023-06-29,2023-07-20
FDS-LOW,1093.2622150791553,2023-06-27,2023-07-20
A-ACN,-2499.3607482901834,2023-05-24,2023-07-20
ABBV-IT,-522.7889906374384,2023-05-30,2023-07-20
AMZN-ICE,-1050.700987362556,2023-05-18,2023-07-20
MCHP-IQV,2220.159168078952,2023-07-13,2023-07-20
DUK-CPAY,-2621.021215607697,2023-05-17,2023-07-21
ZTS-EW,992.2772361881994,2023-05-31,2023-07-21
CSGP-PODD,-4201.153433097162,2023-05-24,2023-07-26
TSLA-RMD,2781.5202438182023,2023-06-20,2023-07-27
ALGN-CZR,4694.29023944664,2023-07-21,2023-07-27
ABBV-URI,-131.0622512811605,2023-06-15,2023-07-27
PEG-LYV,-1114.5752393572625,2023-05-18,2023-07-28
LYV-AIZ,-1018.8016588087681,2023-05-19,2023-07-28
META-BKNG,2491.956078759301,2023-07-21,2023-07-28
GD-HPE,-1226.7632750879443,2023-05-26,2023-08-01
CL-XYL,709.3313407024636,2023-06-14,2023-08-02
CSX-IQV,2197.760325470582,2023-07-21,2023-08-03
MDLZ-MNST,1820.6462476963566,2023-08-04,2023-08-07
CBOE-PKG,2761.0087012899735,2023-07-31,2023-08-11
COIN-BLK,6491.509943812117,2023-07-13,2023-08-11
JNJ-JBHT,-347.31499418560315,2023-07-13,2023-08-15
MAR-CBOE,1929.2710465832893,2023-07-31,2023-08-17
HCA-OTIS,1037.0165563756937,2023-07-27,2023-08-18
BBY-CZR,1295.563305089825,2023-07-21,2023-08-18
WDAY-ROST,1697.3303041256452,2023-08-18,2023-08-25
LH-ALLE,595.376372585112,2023-07-28,2023-08-31
ICE-MCO,1609.1521462707224,2023-08-21,2023-09-06
GM-TRMB,2623.265009772031,2023-08-14,2023-09-12
CARR-ISRG,-2730.190436887217,2023-07-24,2023-09-14
EFX-LOW,-295.3260549448582,2023-07-21,2023-09-15
XEL-DPZ,-9125.599970274323,2023-06-15,2023-09-18
DPZ-SPGI,1063.0836393623679,2023-07-28,2023-09-18
CEG-WM,-6994.442300546973,2023-06-09,2023-09-18
LHX-DPZ,-7480.844977562672,2023-07-07,2023-09-19
HD-OTIS,-962.062750290727,2023-07-24,2023-09-20
AME-ROL,3222.786811467627,2023-09-07,2023-09-20
ADSK-NSC,637.0594644773481,2023-08-28,2023-09-22
ROST-ALLE,507.85611917957254,2023-08-16,2023-09-25
WTW-WRB,-762.4893556380271,2023-07-28,2023-09-26
ROL-SYK,3502.3360048573836,2023-09-13,2023-09-26
ELV-A,1554.050234641253,2023-09-21,2023-09-29
SO-TDG,2129.6246554030467,2023-09-15,2023-10-02
FTNT-TPL,-10102.699335782952,2023-08-03,2023-10-02
ECL-CPAY,-1147.6882126629077,2023-08-14,2023-10-03
ZTS-EW,-1011.2063841047905,2023-07-31,2023-10-03
AMAT-BX,3456.1392973359116,2023-09-19,2023-10-04
CHD-NDSN,1742.1045047865143,2023-09-26,2023-10-05
MDLZ-MNST,1551.8138732372233,2023-10-03,2023-10-06
MA-DGX,386.1363735845315,2023-09-01,2023-10-09
CSGP-PODD,-4492.455496083911,2023-08-21,2023-10-19
PG-FDS,1277.8160531118401,2023-10-04,2023-10-19
XYL-HON,1304.4482160283305,2023-09-19,2023-10-19
AES-ENPH,8720.546703984082,2023-10-05,2023-10-20
EQIX-NEE,2470.7456545009327,2023-10-04,2023-10-24
BALL-MKTX,2168.9224675410715,2023-10-10,2023-10-25
HCA-TJX,-8546.978653834303,2023-07-21,2023-10-30
TDG-WSM,1317.5405150582778,2023-09-25,2023-11-02
CI-GL,1418.7084515836982,2023-10-20,2023-11-06
XEL-DPZ,1525.4775171499846,2023-10-06,2023-11-07
NXPI-EG,-867.3949569411712,2023-09-20,2023-11-10
NDSN-UNP,1397.1778638196288,2023-10-20,2023-11-10
HCA-AJG,-9695.241183626433,2023-08-02,2023-11-13
RJF-WRB,-788.346561127946,2023-09-27,2023-11-15
AVY-TXN,-3434.062299589952,2023-08-08,2023-11-17
MA-DGX,3277.5235695097126,2023-10-26,2023-11-21
MSI-PANW,3488.889084628467,2023-11-16,2023-11-27
SO-TDG,3057.649086641053,2023-11-13,2023-11-28
GD-HPE,-1649.1144812616797,2023-10-09,2023-11-29
CEG-WMB,2235.561279779838,2023-11-14,2023-11-29
DUK-CPAY,2475.800949129304,2023-10-31,2023-12-01
MAR-CBOE,-3150.359887085144,2023-09-21,2023-12-01
FDS-LOW,-1089.1570406132219,2023-10-03,2023-12-01
ADSK-TTWO,3078.95074909999,2023-11-22,2023-12-01
CL-HSIC,-999.4407773023088,2023-10-20,2023-12-06
DPZ-SPGI,2412.583981665605,2023-11-20,2023-12-07
HCA-MSI,-4603.967953660989,2023-09-18,2023-12-08
CI-GL,3948.730375482773,2023-11-29,2023-12-11
TGT-TECH,-1038.0353315104278,2023-10-25,2023-12-13
ECL-CPAY,782.8947560763982,2023-11-03,2023-12-14
DOV-SPGI,1328.2403848685813,2023-11-08,2023-12-14
ALL-VMC,-4954.633340685463,2023-09-19,2023-12-14
ZTS-LULU,-2049.2485643192645,2023-10-23,2023-12-14
ABBV-DE,2674.276255915409,2023-12-12,2023-12-19
ABBV-IT,-2670.7352044135223,2023-11-07,2023-12-21
JNJ-JBHT,2318.391703623637,2023-12-15,2024-01-02
CSGP-MCHP,1469.4471285649881,2023-12-11,2024-01-02
CMG-MPWR,2470.3935108761,2023-12-15,2024-01-03
SNA-CB,1177.900625968155,2023-12-15,2024-01-03
EBAY-BLK,-3000.144803094183,2023-11-13,2024-01-03
LHX-NEE,-4906.390215098502,2023-09-27,2024-01-05
AMT-AWK,-5692.23397172359,2023-10-02,2024-01-10
A-ACN,373.27808961381925,2023-11-30,2024-01-10
COIN-BLK,-4447.986711324044,2023-11-28,2024-01-10
DASH-C,4712.630220270352,2024-01-04,2024-01-10
CMI-VRSK,101.13467934606648,2023-12-08,2024-01-17
OTIS-ACGL,-1256.7671346721747,2023-12-04,2024-01-17
GOOG-HCA,986.7462468849825,2023-12-04,2024-01-23
CEG-WM,1367.5207768580258,2023-12-07,2024-01-31
EPAM-GNRC,826.2760633806095,2024-01-04,2024-01-31
PNC-LNT,941.04532735934,2023-12-15,2024-02-01
CEG-HLT,-1325.8367910050515,2023-12-04,2024-02-01
ETN-ANET,2400.9197269717793,2024-01-18,2024-02-01
CEG-PGR,2247.196374700565,2024-01-11,2024-02-01
HD-OTIS,66.63255386977715,2023-12-20,2024-02-02
NOC-AMGN,-1064.3712779729506,2024-01-03,2024-02-07
MDLZ-MNST,2528.816807757688,2024-02-02,2024-02-13
IRM-PANW,9917.072403095479,2024-01-11,2024-02-21
HCA-SNPS,1820.9524084037425,2024-01-04,2024-02-22
TSLA-RMD,-3337.001143196869,2024-01-11,2024-02-28
HCA-OTIS,-1151.2518987623796,2024-01-08,2024-02-29
WDAY-BR,-1501.9843688207457,2023-11-30,2024-02-29
GD-HPE,488.685701957778,2024-01-18,2024-03-04
SO-TDG,-748.3413239044839,2024-02-05,2024-03-05
CARR-ISRG,-2212.798055234482,2024-01-11,2024-03-06
SNA-CB,2859.4939012916575,2024-02-08,2024-03-07
TRV-SNA,-3743.2872534454336,2024-01-03,2024-03-07
HCA-AJG,-1749.9387769902519,2023-12-14,2024-03-11
ROL-SYK,-311.4028780802469,2024-02-02,2024-03-11
TRV-TJX,-3129.0138194008086,2023-12-04,2024-03-14
GOOGL-HLT,350.4023422556653,2024-02-23,2024-03-18
AMT-AWK,1899.8852213654222,2024-03-08,2024-03-20
DRI-DGX,1038.0626353873092,2024-02-01,2024-03-21
GOOG-HCA,206.5263221205218,2024-02-01,2024-03-22
MA-DGX,-2528.917016073959,2024-01-24,2024-03-27
PEG-LYV,1229.0331873653245,2024-03-15,2024-04-01
LH-ALLE,-2964.0270427694936,2023-12-22,2024-04-01
WDAY-ROST,2425.0686021491824,2024-03-06,2024-04-09
EFX-AIZ,2247.0884628511685,2024-04-02,2024-04-09
CSGP-PODD,-52.12835781493017,2024-03-01,2024-04-10
COIN-BLK,2836.16481310464,2024-03-08,2024-04-15
FDS-LOW,3021.937851099717,2024-03-22,2024-04-17
XEL-DPZ,-3104.712717522907,2024-02-29,2024-04-18
CBOE-PKG,916.7494408587571,2024-03-12,2024-04-19
CBOE-MU,-3494.50709342619,2024-03-12,2024-04-19
MSI-PANW,1825.5500455024091,2024-02-22,2024-04-23
AMZN-ICE,1504.6281414467255,2024-04-10,2024-04-24
ABBV-URI,3917.8573149042313,2024-04-22,2024-04-25
NDSN-UNP,1412.6634605660734,2024-03-28,2024-04-25
ZTS-EW,-5391.990246901567,2024-02-02,2024-04-29
TGT-TECH,2382.5734439846897,2024-03-05,2024-05-01
CEG-WMB,-2284.9082005051614,2024-03-01,2024-05-02
HD-OTIS,55.04800290554441,2024-04-02,2024-05-03
CMG-MPWR,-1229.219890728854,2024-03-19,2024-05-06
CI-GL,9886.947722495897,2024-04-11,2024-05-08
EFX-AIZ,2998.273534473779,2024-04-22,2024-05-10
MDLZ-CHD,-821.3835555585845,2024-03-07,2024-05-13
BALL-MKTX,-7929.701559859493,2024-02-02,2024-05-13
AMZN-ICE,2248.348240446202,2024-05-02,2024-05-15
DPZ-SPGI,-5962.7346405947765,2024-02-14,2024-05-16
ROL-SYK,2765.0962829261375,2024-05-06,2024-05-29
GOOG-HCA,2660.0367732191708,2024-04-26,2024-05-30
AAPL-GOOGL,-2506.405427787631,2024-03-21,2024-05-30
A-ACN,-1580.7737169752359,2024-03-25,2024-05-30
TSCO-WTW,-647.2522403484631,2024-04-25,2024-06-03
OTIS-ACGL,520.507226851149,2024-05-07,2024-06-04
GOOGL-HLT,772.0099349189445,2024-04-26,2024-06-13
DECK-PANW,3764.9875293143245,2024-05-31,2024-06-13
SRE-CDW,2232.059266594594,2024-05-13,2024-06-18
MA-DGX,-984.0719798272206,2024-04-24,2024-06-21
AVY-TXN,-14.153283466464927,2024-05-14,2024-06-24
SPGI-ADI,-1792.0194345427858,2024-05-14,2024-06-24
MDLZ-CHD,1966.8223068332406,2024-06-14,2024-06-25
DUK-CPAY,-752.5523902233225,2024-05-09,2024-06-26
VICI-DGX,-1265.6117913557723,2024-04-10,2024-06-27
JNJ-JBHT,-1147.6214210110822,2024-04-18,2024-06-28
PEG-LYV,-4576.873640499911,2024-04-16,2024-06-28
SNA-CB,461.7539162811928,2024-05-17,2024-06-28
WDAY-BR,2950.5483694975237,2024-05-31,2024-07-01
CSX-IQV,1718.4426790046139,2024-07-01,2024-07-09
AMZN-SHW,1966.3206188625766,2024-07-01,2024-07-11
LH-ALLE,2144.0472541084314,2024-06-20,2024-07-12
WDAY-ROST,1380.2011003322452,2024-05-30,2024-07-15
AME-ROL,-598.2571076921021,2024-05-03,2024-07-15
ROST-ALLE,366.66140702263874,2024-06-04,2024-07-16
CL-XYL,1448.6255020976828,2024-06-25,2024-07-16
EW-POOL,4495.955971000133,2024-06-27,2024-07-16
JNJ-JBHT,3676.750823141963,2024-07-16,2024-07-17
CL-HSIC,-2175.9973184564674,2024-04-30,2024-07-17
CSGP-MCHP,1507.9475285151752,2024-05-31,2024-07-17
HCA-LRCX,4641.453804993815,2024-07-01,2024-07-17
ALGN-CZR,-847.3640936947913,2024-06-05,2024-07-18
TER-AVY,-4789.155233391279,2024-05-16,2024-07-19
HCA-AJG,1802.4194880835967,2024-07-10,2024-07-23
HCA-MSI,860.3204183204765,2024-06-28,2024-07-23
TSLA-RMD,-1840.9863457765102,2024-06-24,2024-07-24
ALL-VMC,1711.297110163741,2024-07-24,2024-07-25
SO-TDG,-3790.3387689505494,2024-04-19,2024-07-29
MA-DGX,2802.0175719372883,2024-07-16,2024-07-31
PNC-LNT,1169.6635579815033,2024-07-17,2024-08-01
ROK-DRI,2867.8073034840822,2024-07-12,2024-08-01
PNC-DTE,1285.2441145318437,2024-07-15,2024-08-01
WTW-WRB,931.2023404582845,2024-07-19,2024-08-06
TRV-SNA,1238.6723180420925,2024-07-22,2024-08-07
MSI-PANW,2921.7710956431715,2024-08-02,2024-08-15
DUK-CPAY,2164.559273214801,2024-08-02,2024-08-15
JNJ-JBHT,2179.1697114844155,2024-08-02,2024-08-16
IRM-PANW,-100.23030223170603,2024-07-18,2024-08-20
CHTR-MDT,-3695.171486396335,2024-06-26,2024-08-20
CEG-WM,3313.0862002437734,2024-07-18,2024-08-21
WTW-ROL,1797.9546450261219,2024-07-30,2024-08-23
PEG-LYV,1367.46919086945,2024-08-07,2024-08-28
TGT-TECH,2850.0693817784945,2024-08-21,2024-09-10
AMZN-ICE,-2878.188483260975,2024-07-18,2024-09-11
CEG-WMB,265.8328576396534,2024-07-17,2024-09-13
AAPL-GOOGL,-4446.719985935685,2024-06-14,2024-09-17
TDG-WSM,2049.3224117159343,2024-08-22,2024-09-17
MAR-CBOE,-2007.1827486650388,2024-08-01,2024-09-18
MDLZ-MNST,2326.642023711182,2024-08-08,2024-09-18
EBAY-BLK,1859.8132894895973,2024-09-16,2024-09-19
DOV-SPGI,-3598.1091611025963,2024-06-25,2024-09-19
BBY-CZR,2977.2275796243343,2024-08-29,2024-09-20
ROP-ROST,1249.537272356215,2024-08-21,2024-09-23
ROST-HON,1.1747518442098368,2024-08-16,2024-09-23
DPZ-SPGI,-9750.526835428856,2024-07-02,2024-09-24
DHI-SNPS,-5511.836945186028,2024-07-18,2024-09-25
HCA-OTIS,-2670.5206111657008,2024-07-24,2024-09-26
WDAY-BR,2557.493419944827,2024-08-26,2024-09-27
DTE-LNT,775.6982361210884,2024-09-18,2024-09-30
ROL-SYK,1359.566736311723,2024-09-11,2024-10-01
WTW-DRI,2628.384604287758,2024-09-24,2024-10-01
GOOG-HCA,-4666.149239185555,2024-07-25,2024-10-03
HCA-AJG,2978.0562242400133,2024-09-20,2024-10-07
ALL-VMC,-1267.0416738621336,2024-08-16,2024-10-07
XEL-DPZ,-8483.710589258897,2024-07-17,2024-10-11
GM-TRMB,3681.347631994046,2024-09-30,2024-10-16
CSGP-PODD,218.1768465251144,2024-09-12,2024-10-17
CARR-ISRG,1065.635319974866,2024-09-18,2024-10-18
DRI-DGX,2622.439797837302,2024-09-19,2024-10-22
ICE-DGX,1806.021852222061,2024-10-21,2024-10-22
GOOGL-HLT,-3598.2873752277696,2024-07-26,2024-10-29
ABBV-AZO,1694.4245808775597,2024-10-23,2024-10-29
CEG-WMB,2044.8080241012563,2024-09-20,2024-10-30
CEG-WAB,1030.1228116589082,2024-09-25,2024-10-30
A-ACN,2659.8043697623416,2024-10-18,2024-11-01
CEG-WM,401.5171533675549,2024-09-23,2024-11-01
AES-ENPH,3530.1874993746537,2024-10-01,2024-11-01
CEG-HLT,54.55755524316175,2024-09-24,2024-11-01
GL-AMGN,-3466.6975641535714,2024-08-19,2024-11-01
ALGN-CZR,-211.77163508535614,2024-10-02,2024-11-05
CI-GL,-174.65689119850913,2024-09-26,2024-11-11
ALL-VMC,2342.1246936805424,2024-11-04,2024-11-21
WDAY-ROST,3252.3868836974966,2024-11-12,2024-11-25
EBAY-BLK,2407.9652439572005,2024-10-31,2024-11-25
EBAY-GEV,-13856.123607450954,2024-09-19,2024-11-25
FTNT-TPL,1327.806562706665,2024-11-04,2024-12-04
TDY-SPGI,13.863433054010144,2024-10-23,2024-12-06
APD-KDP,-3124.83478148328,2024-10-08,2024-12-09
ECL-CPAY,-3084.094371399998,2024-10-08,2024-12-10
JNJ-JBHT,-1276.257945577038,2024-10-30,2024-12-18
DUK-CPAY,-3627.8918328628256,2024-10-04,2024-12-18
SNA-CB,-4635.502467567034,2024-10-17,2024-12-19
TGT-TECH,1886.0700430013849,2024-11-22,2024-12-26
CMG-MPWR,-9757.80488823996,2024-10-31,2024-12-30
AME-ROL,-1068.9949410173017,2024-11-04,2025-01-02
PEG-LYV,-5215.559533809459,2024-10-14,2025-01-03
ELV-A,-7196.366292514922,2024-09-27,2025-01-06
LYV-SYK,-5146.955666144829,2024-10-02,2025-01-06
TTD-WTW,3135.7187942810224,2024-12-31,2025-01-06
HCA-AJG,-2754.439433933133,2024-11-06,2025-01-07
HD-OTIS,427.79998282011525,2024-11-26,2025-01-07
FDS-LOW,2876.3789897209845,2024-12-19,2025-01-10
EQIX-ECL,341.0053112733452,2024-11-26,2025-01-10
MSCI-LOW,-60.107010213089666,2024-12-10,2025-01-10
HD-DDOG,-58.752508778257074,2024-11-26,2025-01-10
APD-UNP,2704.89365565352,2025-01-03,2025-01-13
CSGP-MCHP,2539.214621079647,2024-12-05,2025-01-14
IQV-NEE,3106.8380560299515,2025-01-13,2025-01-16
MSI-PANW,2022.76313425557,2025-01-13,2025-01-21
PH-PANW,1602.3604231983763,2025-01-13,2025-01-22
WTW-ROL,-1497.4692292609118,2024-11-04,2025-01-23
GOOG-HCA,-6417.8259618243055,2024-10-30,2025-01-27
CEG-WM,4607.153957248751,2025-01-17,2025-01-27
CEG-HLT,7287.669479300828,2025-01-24,2025-01-27
MSCI-TER,6438.366008676701,2025-01-06,2025-01-27
POOL-TECH,2448.963496144962,2025-01-07,2025-01-27
EBAY-BLK,3629.1586337929502,2025-01-08,2025-01-29
SJM-LKQ,1458.954656765888,2025-01-14,2025-01-31
GOOGL-HLT,695.1003310973736,2024-12-11,2025-02-05
AMZN-ICE,-6049.967470785696,2024-11-04,2025-02-05
AAPL-GOOGL,3015.8467443247296,2025-01-22,2025-02-07
DRI-DGX,287.71168888158377,2024-12-19,2025-02-10
ROK-DRI,-360.7393317880168,2024-12-20,2025-02-10
ZTS-LULU,-200.94314630528925,2024-12-09,2025-02-11
SRE-CPAY,677.3045228652553,2025-01-13,2025-02-11
PANW-KLAC,1757.8909530205028,2025-01-07,2025-02-14
XEL-DPZ,1953.6711976049887,2025-02-06,2025-02-21
CEG-WMB,5367.542932139768,2025-01-23,2025-02-21
EA-ALLE,5843.498810399401,2025-01-28,2025-02-21
CARR-ISRG,-480.9449170969666,2025-01-15,2025-02-25
MDLZ-MNST,2637.3120817157806,2025-02-06,2025-02-28
PEG-LYV,1029.30458458925,2025-01-28,2025-03-04
MO-FOX,-1484.0070721729228,2024-12-27,2025-03-06
HCA-AJG,1198.6636996452578,2025-02-10,2025-03-07
EMR-FTNT,3088.923299539892,2025-02-17,2025-03-07
PWR-JBL,-3817.415610502855,2025-01-07,2025-03-11
NWS-ETN,-1124.511741670298,2025-01-28,2025-03-17
MA-DGX,1583.27999824642,2025-03-07,2025-03-25
DASH-ADSK,14.71319985443592,2025-02-12,2025-03-28
JNJ-JBHT,-3991.205959525163,2025-02-03,2025-04-02
TRV-TJX,1283.494107358717,2025-03-12,2025-04-03
HD-OTIS,-1033.805193841055,2025-02-24,2025-04-09
AMZN-ICE,-1003.586432758587,2025-02-26,2025-04-09
EQIX-ECL,-1902.9156736534876,2025-02-12,2025-04-09
SNA-CB,542.4719555170178,2025-03-05,2025-04-11
SRE-GL,-7711.144155699992,2025-01-08,2025-04-11
DECK-PANW,-5443.06692013575,2025-02-11,2025-04-22
MAR-WTW,2530.0920234074474,2025-03-18,2025-04-24
GOOG-HCA,-99.98097772964945,2025-03-10,2025-04-25
MAR-CBOE,-5396.227508425335,2025-02-24,2025-04-28
GD-HPE,-7141.5624307270045,2025-03-03,2025-04-28
DOV-SPGI,932.8839254193025,2025-03-31,2025-04-28
BALL-MKTX,2711.290355066785,2025-04-10,2025-04-29
MA-DGX,1910.5545711759955,2025-04-04,2025-05-02
PNC-LNT,-2721.719546698512,2025-02-24,2025-05-02
ADSK-TTWO,-4249.963391639323,2025-02-11,2025-05-02
ERIE-VRTX,5076.513142256654,2025-04-30,2025-05-06
AME-DRI,-178.0877047027075,2025-03-26,2025-05-06
SO-TDG,2497.778165336549,2025-05-05,2025-05-07
POOL-CRL,7008.37403126679,2025-04-14,2025-05-07
DUK-CPAY,-336.2808714333846,2025-03-10,2025-05-08
SJM-LKQ,2772.7209771092075,2025-04-28,2025-05-08
COR-HUBB,-8895.78936156725,2025-01-28,2025-05-08
SYF-COF,-3383.7544348647443,2025-01-28,2025-05-09
LHX-NEE,1516.057918550794,2025-04-14,2025-05-09
CI-GL,383.01613416819134,2025-04-03,2025-05-12
CBOE-PKG,-6524.870304767256,2025-01-30,2025-05-12
DASH-ADSK,3505.6785430298823,2025-05-07,2025-05-19
AES-ENPH,7285.786163712562,2025-05-13,2025-05-21
NSC-RMD,1557.8094831005865,2025-04-29,2025-05-23
CDW-NDSN,1835.3760952792009,2025-05-08,2025-05-29
EFX-AIZ,643.858821391007,2025-04-23,2025-06-02
FDS-LOW,2363.719291449551,2025-05-09,2025-06-03
OXY-CHTR,-2018.7239892184548,2025-04-10,2025-06-03
CHTR-MDT,-141.89695407998457,2025-04-29,2025-06-03
MDLZ-CHD,2841.892317433002,2025-05-05,2025-06-04
TSLA-RMD,7852.924658258771,2025-05-27,2025-06-05
CME-PEG,1361.122295355363,2025-05-05,2025-06-05
CSGP-PODD,2617.098769750716,2025-05-09,2025-06-09
EW-POOL,1310.5058101764569,2025-04-29,2025-06-10
CSGP-STE,3358.481948055451,2025-05-20,2025-06-10
SO-TDG,1116.8458572607144,2025-05-13,2025-06-11
VRSK-BR,519.8684769114105,2025-05-07,2025-06-17
CMG-MPWR,2546.426401895013,2025-05-12,2025-06-20
DXCM-TMO,1408.4806747929483,2025-05-08,2025-06-23
WTW-ROL,-2754.4867533771076,2025-04-10,2025-06-26
WTW-WRB,-1330.1681105499972,2025-04-25,2025-06-26
ITW-TTD,4031.271834626629,2025-05-12,2025-06-26
SJM-LKQ,4951.923717742291,2025-06-10,2025-07-01
ZTS-COO,4107.001071874215,2025-06-04,2025-07-02
DECK-PANW,926.1373721267336,2025-06-03,2025-07-10
IQV-TMO,333.43428393357675,2025-06-06,2025-07-11
NDSN-UNP,1291.8939876263253,2025-06-04,2025-07-15
ZTS-LULU,2455.719240076262,2025-06-12,2025-07-17
WST-POOL,2303.456154942763,2025-06-06,2025-07-18
EBAY-BLK,1971.6620721968739,2025-06-27,2025-07-22
MCHP-IQV,-4410.66232353626,2025-05-09,2025-07-22
SBUX-GL,4433.003435304567,2025-06-11,2025-07-24
AMT-AWK,1035.4088808895572,2025-06-24,2025-07-29
EQIX-ECL,2373.913631608377,2025-06-27,2025-07-29
COIN-BLK,-8377.395113700204,2025-05-22,2025-07-29
FTNT-TPL,-3390.2834780632306,2025-05-30,2025-07-30
